exact_match_accuracy,exact_match_precision,exact_match_recall,exact_match_f1,rouge1_f1,rougeL_f1,bertscore_precision,bertscore_recall,bertscore_f1,levenshtein
0.2718766187110465,1.0,0.2718766187110465,0.4275204288079035,0.2781481667140096,0.2781481667140096,0.8044741749763489,0.7579345703125,0.7770037651062012,0.4321438720360315
