exact_match_accuracy,exact_match_precision,exact_match_recall,exact_match_f1,rouge1_f1,rougeL_f1,bertscore_precision,bertscore_recall,bertscore_f1,levenshtein
0.40787341053018533,1.0,0.40787341053018533,0.5794177338381381,0.4219370505901159,0.4219370505901159,0.8583279848098755,0.791825532913208,0.8222501277923584,0.5654021846913622
