exact_match_accuracy,exact_match_precision,exact_match_recall,exact_match_f1,rouge1_f1,rougeL_f1,bertscore_precision,bertscore_recall,bertscore_f1,levenshtein
0.5989139515455305,1.0,0.5989139515455305,0.7491509483254088,0.6089668615984405,0.6089668615984405,0.8564745187759399,0.8483284115791321,0.8497782349586487,0.7165133395177803
