exact_match_accuracy,exact_match_precision,exact_match_recall,exact_match_f1,rouge1_f1,rougeL_f1,bertscore_precision,bertscore_recall,bertscore_f1,levenshtein
0.3916843530139207,1.0,0.3916843530139207,0.5628925153403701,0.402549619256115,0.402549619256115,0.8422622680664062,0.7882438898086548,0.8120754361152649,0.548775616169226
